Position x [mm];Position y [mm];Position z [mm];Volumen [mm³];Oberfläche [mm²];Mittlere Porosität [%];Porositätsabweichung [%];Maximale Porosität [%];Beschreibung;Bild;Fokussiertes Bild;Screenshots
3,3770;-0,2932;79,4013;0,00;0,08;2,03;0,02;2,07;;Aus;Aus;0
3,3192;-0,0074;77,3140;0,06;1,41;2,21;0,19;2,80;;Aus;Aus;0
3,2854;0,0072;59,8078;0,00;0,16;2,03;0,02;2,08;;Aus;Aus;0
3,2752;0,0553;66,9683;0,04;0,91;2,25;0,18;2,71;;Aus;Aus;0
3,2638;0,4990;67,0817;0,00;0,03;2,01;0,01;2,03;;Aus;Aus;0
3,2243;0,0710;20,3549;0,02;0,56;2,17;0,12;2,47;;Aus;Aus;0
3,2228;-0,0886;75,9775;0,01;0,41;2,07;0,05;2,20;;Aus;Aus;0
3,1963;-0,0778;59,3228;0,02;0,64;2,13;0,09;2,38;;Aus;Aus;0
3,1939;0,2336;21,8306;0,01;0,40;2,19;0,14;2,53;;Aus;Aus;0
3,1902;-0,8342;76,4036;0,02;0,61;2,21;0,15;2,57;;Aus;Aus;0
3,1754;0,5216;67,8222;0,00;0,27;2,03;0,02;2,08;;Aus;Aus;0
3,1654;-1,2104;59,1176;0,00;0,04;2,01;0,01;2,03;;Aus;Aus;0
3,1563;-0,5261;18,9486;0,01;0,32;2,17;0,12;2,46;;Aus;Aus;0
3,1153;-0,7381;77,3094;0,00;0,21;2,05;0,03;2,12;;Aus;Aus;0
3,0856;0,7757;20,4628;0,04;0,92;2,20;0,14;2,56;;Aus;Aus;0
3,0836;0,9725;21,3508;0,01;0,35;2,10;0,07;2,26;;Aus;Aus;0
3,0705;-1,0918;75,6586;0,01;0,39;2,09;0,06;2,23;;Aus;Aus;0
3,0651;-0,7636;20,8970;0,06;1,47;2,18;0,14;2,65;;Aus;Aus;0
2,9899;-0,9290;77,8051;0,75;13,19;2,32;0,29;3,65;;Aus;Aus;0
2,9137;0,5513;78,6443;0,43;5,55;3,67;2,16;12,95;;Aus;Aus;0
2,8913;1,4783;66,1242;0,07;1,66;2,27;0,22;2,89;;Aus;Aus;0
2,8622;1,5766;67,3504;0,01;0,33;2,10;0,07;2,27;;Aus;Aus;0
2,8435;0,8391;22,1955;0,18;2,91;2,82;0,99;6,92;;Aus;Aus;0
2,7943;1,5284;77,5716;0,01;0,26;2,09;0,06;2,23;;Aus;Aus;0
2,7572;1,6291;18,8521;0,00;0,06;2,04;0,03;2,10;;Aus;Aus;0
2,7324;1,8658;77,1722;0,00;0,18;2,06;0,04;2,17;;Aus;Aus;0
2,7249;-1,6998;18,9734;0,00;0,18;2,08;0,06;2,21;;Aus;Aus;0
2,6918;1,7442;20,4412;0,03;0,79;2,21;0,15;2,59;;Aus;Aus;0
2,6591;1,8923;67,3444;0,01;0,27;2,07;0,05;2,19;;Aus;Aus;0
2,6380;1,7487;22,1730;0,14;2,56;2,35;0,30;3,53;;Aus;Aus;0
2,6242;-1,8581;68,4826;0,00;0,05;2,01;0,01;2,02;;Aus;Aus;0
2,6167;-0,1813;68,7012;0,06;1,23;2,60;0,45;3,99;;Aus;Aus;0
2,5714;0,5943;66,9770;0,03;0,70;2,73;0,54;4,17;;Aus;Aus;0
2,5644;-0,3947;62,2861;0,00;0,19;2,14;0,09;2,35;;Aus;Aus;0
2,5012;-1,1460;79,2279;0,03;0,67;2,57;0,43;3,74;;Aus;Aus;0
2,4995;-0,3849;43,0493;0,00;0,00;2,04;0,00;2,04;;Aus;Aus;0
2,4744;-1,3482;20,8377;0,19;2,48;3,42;1,31;7,65;;Aus;Aus;0
2,4718;0,6205;19,5124;0,11;1,67;3,41;1,17;6,99;;Aus;Aus;0
2,4630;1,6932;24,0755;0,01;0,23;2,06;0,04;2,17;;Aus;Aus;0
2,4043;0,3766;71,0478;0,01;0,38;2,29;0,21;2,80;;Aus;Aus;0
2,3795;-1,7371;67,4217;0,04;0,86;2,59;0,45;3,81;;Aus;Aus;0
2,3610;2,1966;66,4465;0,02;0,45;2,18;0,13;2,49;;Aus;Aus;0
2,3605;-0,3713;77,8959;0,03;0,74;2,79;0,59;4,38;;Aus;Aus;0
2,3253;-2,3122;76,1916;0,01;0,47;2,13;0,09;2,36;;Aus;Aus;0
2,3224;-2,2397;77,6415;0,00;0,01;2,00;0,00;2,01;;Aus;Aus;0
2,3216;-1,1922;21,4358;0,01;0,41;2,35;0,25;2,99;;Aus;Aus;0
2,3065;2,3352;76,3692;0,12;2,25;2,29;0,21;2,84;;Aus;Aus;0
2,3060;1,1525;60,6131;0,06;1,11;3,11;0,90;5,80;;Aus;Aus;0
2,2752;-2,0510;20,8462;0,02;0,47;2,16;0,12;2,45;;Aus;Aus;0
2,2588;2,3745;22,1189;0,04;1,09;2,17;0,12;2,53;;Aus;Aus;0
2,2504;-0,2222;63,5002;0,06;1,11;2,87;0,67;4,73;;Aus;Aus;0
2,1999;-1,2602;23,2124;0,02;0,60;2,55;0,41;3,61;;Aus;Aus;0
2,1899;-1,0407;69,7921;0,14;2,18;3,53;1,50;8,70;;Aus;Aus;0
2,1530;-0,9725;73,7275;0,07;1,25;3,01;0,82;5,42;;Aus;Aus;0
2,1414;1,5063;42,8619;0,00;0,00;2,04;0,03;2,08;;Aus;Aus;0
2,1039;0,3087;71,8636;0,04;0,92;2,85;0,66;4,69;;Aus;Aus;0
2,1036;-0,2422;72,3536;0,06;1,14;2,92;0,71;4,91;;Aus;Aus;0
2,0804;-2,1875;19,0239;0,01;0,47;2,21;0,15;2,57;;Aus;Aus;0
2,0798;0,1946;77,3256;0,69;8,15;5,66;4,16;26,07;;Aus;Aus;0
2,0793;-2,4347;79,2418;0,00;0,03;2,01;0,01;2,02;;Aus;Aus;0
2,0492;0,9097;73,6764;0,04;0,86;2,66;0,50;4,01;;Aus;Aus;0
2,0170;-2,2677;66,6318;0,01;0,40;2,19;0,14;2,56;;Aus;Aus;0
2,0095;-0,1094;19,0785;0,19;3,16;4,37;2,09;11,03;;Aus;Aus;0
1,9882;0,2611;60,2934;0,25;3,41;4,75;2,98;16,31;;Aus;Aus;0
1,9858;0,1095;70,2514;0,03;0,73;2,35;0,25;3,05;;Aus;Aus;0
1,9551;-2,5547;68,0367;0,01;0,45;2,10;0,07;2,28;;Aus;Aus;0
1,9534;1,4855;59,4360;0,00;0,17;2,16;0,11;2,41;;Aus;Aus;0
1,9330;-2,5692;67,4371;0,02;0,57;2,16;0,11;2,43;;Aus;Aus;0
1,9299;0,3564;58,4488;0,16;2,19;4,82;2,69;14,17;;Aus;Aus;0
1,9290;-1,0907;63,9198;0,23;3,41;3,76;1,59;9,61;;Aus;Aus;0
1,9199;-1,0148;69,1948;0,00;0,17;2,16;0,11;2,41;;Aus;Aus;0
1,9163;-1,7291;66,1296;0,05;0,99;2,90;0,72;4,98;;Aus;Aus;0
1,8966;2,0782;58,1499;0,01;0,26;2,09;0,06;2,24;;Aus;Aus;0
1,8939;-0,3289;19,6168;0,02;0,59;2,63;0,46;3,83;;Aus;Aus;0
1,8841;-0,4326;65,8006;0,02;0,56;2,48;0,36;3,43;;Aus;Aus;0
1,8726;-0,5371;67,8978;0,16;2,10;4,94;2,72;14,00;;Aus;Aus;0
1,8570;2,3935;78,6913;0,69;11,89;2,31;0,24;3,11;;Aus;Aus;0
1,8403;-0,4010;66,6101;0,00;0,20;2,18;0,12;2,47;;Aus;Aus;0
1,8356;-2,6168;77,5192;0,01;0,30;2,05;0,03;2,11;;Aus;Aus;0
1,8185;-0,1257;23,1301;0,36;5,29;4,21;2,43;14,74;;Aus;Aus;0
1,8155;-1,1466;23,9684;0,06;1,09;2,66;0,51;4,04;;Aus;Aus;0
1,7906;0,3428;22,5730;0,11;1,64;3,52;1,24;7,09;;Aus;Aus;0
1,7788;-0,8326;66,0366;0,01;0,22;2,19;0,13;2,52;;Aus;Aus;0
1,7753;0,0597;24,3541;0,03;0,75;2,41;0,31;3,24;;Aus;Aus;0
1,7638;1,5759;23,9210;0,06;1,17;3,17;0,95;5,91;;Aus;Aus;0
1,7476;-2,7067;78,7514;0,22;3,23;2,63;0,48;3,92;;Aus;Aus;0
1,7314;1,1375;72,0132;0,09;1,44;3,64;1,39;7,91;;Aus;Aus;0
1,7249;-2,6740;59,0947;0,01;0,38;2,13;0,09;2,36;;Aus;Aus;0
1,7037;1,3811;60,2521;0,00;0,11;2,09;0,06;2,23;;Aus;Aus;0
1,6781;2,7599;22,8561;0,00;0,04;2,01;0,00;2,01;;Aus;Aus;0
1,6568;-0,7015;61,2882;0,06;1,11;2,99;0,76;5,08;;Aus;Aus;0
1,6499;2,0184;66,0845;0,05;1,10;2,71;0,56;4,33;;Aus;Aus;0
1,6144;-1,3126;68,9282;0,00;0,20;2,17;0,12;2,45;;Aus;Aus;0
1,6104;0,7531;64,2497;0,03;0,62;2,60;0,44;3,78;;Aus;Aus;0
1,6096;1,7320;19,8284;0,01;0,23;2,21;0,14;2,55;;Aus;Aus;0
1,6091;-1,0526;65,3332;0,05;1,00;3,03;0,81;5,33;;Aus;Aus;0
1,6018;2,5046;58,5050;0,02;0,53;2,09;0,06;2,23;;Aus;Aus;0
1,5974;1,5336;62,8599;0,08;1,34;3,28;1,05;6,37;;Aus;Aus;0
1,5917;1,7546;72,0258;0,03;0,67;2,55;0,41;3,66;;Aus;Aus;0
1,5881;1,7787;60,6196;0,03;0,71;2,55;0,41;3,61;;Aus;Aus;0
1,5880;2,8674;18,9035;0,01;0,27;2,15;0,10;2,41;;Aus;Aus;0
1,5864;-0,6379;20,8442;0,00;0,02;2,02;0,01;2,05;;Aus;Aus;0
1,5857;-0,0519;78,6796;0,62;7,78;4,27;2,32;12,73;;Aus;Aus;0
1,5842;-1,2522;78,2664;0,17;2,71;3,50;1,32;8,23;;Aus;Aus;0
1,5555;-0,7198;50,7640;0,00;0,16;2,04;0,03;2,11;;Aus;Aus;0
1,5551;-2,2958;58,5280;0,02;0,63;2,22;0,16;2,62;;Aus;Aus;0
1,5479;-1,0973;62,5851;0,47;4,97;5,34;3,44;19,69;;Aus;Aus;0
1,5466;2,8255;77,2735;0,05;1,28;2,17;0,12;2,51;;Aus;Aus;0
1,5328;1,3894;61,4828;0,02;0,65;2,43;0,33;3,35;;Aus;Aus;0
1,5296;0,5266;73,1778;0,05;1,02;3,29;1,02;6,28;;Aus;Aus;0
1,5235;-2,7384;76,4939;0,03;0,92;2,19;0,18;2,74;;Aus;Aus;0
1,5129;-1,9173;67,0897;0,24;2,92;4,97;2,78;14,24;;Aus;Aus;0
1,4986;0,6323;75,5764;0,38;4,07;5,69;3,38;16,69;;Aus;Aus;0
1,4967;-1,7432;77,4576;0,04;0,92;2,59;0,44;3,90;;Aus;Aus;0
1,4920;0,1958;77,9480;0,00;0,19;2,16;0,11;2,45;;Aus;Aus;0
1,4787;2,2812;59,8113;0,04;0,81;2,68;0,53;4,13;;Aus;Aus;0
1,4758;-1,7994;79,2325;0,06;1,10;3,21;0,96;5,97;;Aus;Aus;0
1,4730;-1,5486;20,0475;0,10;2,12;2,59;0,43;4,01;;Aus;Aus;0
1,4708;-0,5302;70,1787;0,00;0,09;2,07;0,05;2,18;;Aus;Aus;0
1,4707;1,7693;70,9242;0,09;1,48;3,33;1,09;6,54;;Aus;Aus;0
1,4705;-0,0841;63,8701;0,04;0,81;2,76;0,58;4,34;;Aus;Aus;0
1,4658;0,3296;21,3214;1,30;16,07;4,41;2,73;18,29;;Aus;Aus;0
1,4631;-2,0660;43,1526;0,00;0,00;2,31;0,00;2,31;;Aus;Aus;0
1,4625;-0,7629;58,2073;0,01;0,40;2,40;0,28;3,10;;Aus;Aus;0
1,4618;-2,8295;68,4561;0,00;0,20;2,06;0,04;2,15;;Aus;Aus;0
1,4608;0,9368;60,1562;0,01;0,26;2,25;0,17;2,68;;Aus;Aus;0
1,4556;1,6420;68,4988;0,00;0,17;2,16;0,11;2,40;;Aus;Aus;0
1,4306;-0,1458;60,6755;0,02;0,47;2,49;0,35;3,38;;Aus;Aus;0
1,4303;0,6148;74,6286;0,07;1,21;3,41;1,14;6,78;;Aus;Aus;0
1,4066;1,4280;63,9544;0,03;0,64;2,64;0,47;3,90;;Aus;Aus;0
1,3794;1,5229;66,9536;0,10;1,59;4,02;1,71;9,27;;Aus;Aus;0
1,3646;-1,2221;60,2737;0,01;0,24;2,20;0,14;2,54;;Aus;Aus;0
1,3580;2,8624;23,1229;0,04;0,93;2,17;0,13;2,50;;Aus;Aus;0
1,3300;-1,9344;59,9171;0,00;0,08;2,07;0,04;2,17;;Aus;Aus;0
1,3223;-2,2863;69,7691;0,04;0,81;2,58;0,44;3,78;;Aus;Aus;0
1,3056;-2,9128;59,2328;0,00;0,07;2,02;0,01;2,06;;Aus;Aus;0
1,2818;0,4993;59,2216;0,00;0,03;2,03;0,02;2,08;;Aus;Aus;0
1,2783;-1,7847;60,8490;0,02;0,58;2,53;0,39;3,55;;Aus;Aus;0
1,2695;-0,7932;68,3461;0,00;0,05;2,04;0,03;2,10;;Aus;Aus;0
1,2645;-3,1300;61,6546;0,00;0,00;2,05;0,00;2,05;;Aus;Aus;0
1,2485;0,5129;59,9616;0,01;0,34;2,30;0,21;2,81;;Aus;Aus;0
1,2466;0,7000;47,4060;0,01;0,35;2,26;0,19;2,75;;Aus;Aus;0
1,2404;1,5600;78,6812;0,34;4,42;4,00;1,79;10,27;;Aus;Aus;0
1,2254;1,7522;73,7201;0,16;2,69;3,22;1,05;6,83;;Aus;Aus;0
1,1951;-0,9543;22,3103;0,26;3,47;4,90;3,01;15,54;;Aus;Aus;0
1,1805;-2,0083;67,9066;0,01;0,33;2,25;0,18;2,69;;Aus;Aus;0
1,1772;0,8741;68,7336;0,09;1,42;3,69;1,40;7,88;;Aus;Aus;0
1,1763;3,0531;59,3891;0,01;0,28;2,07;0,05;2,17;;Aus;Aus;0
1,1668;-0,1802;49,6793;0,00;0,12;2,09;0,06;2,23;;Aus;Aus;0
1,1402;-1,6790;72,9795;0,10;1,51;3,69;1,49;8,45;;Aus;Aus;0
1,1363;-0,7445;60,8080;0,03;0,65;2,68;0,51;3,99;;Aus;Aus;0
1,1331;2,3163;20,6842;0,01;0,27;2,20;0,14;2,54;;Aus;Aus;0
1,1282;1,8602;20,5435;0,01;0,39;2,33;0,23;2,90;;Aus;Aus;0
1,1279;-0,4636;62,5732;0,39;4,50;6,13;4,41;21,42;;Aus;Aus;0
1,1083;-0,9249;71,5489;0,14;2,24;3,59;1,51;8,92;;Aus;Aus;0
1,1081;-0,5404;61,7938;0,00;0,17;2,11;0,07;2,28;;Aus;Aus;0
1,0876;-0,2938;49,2369;0,00;0,20;2,16;0,10;2,40;;Aus;Aus;0
1,0820;2,0325;23,1918;0,02;0,50;2,46;0,34;3,35;;Aus;Aus;0
1,0802;2,4450;21,8541;0,03;0,75;2,64;0,47;3,87;;Aus;Aus;0
1,0634;0,6865;23,4809;0,02;0,45;2,42;0,30;3,21;;Aus;Aus;0
1,0601;3,1273;66,8435;0,00;0,22;2,08;0,05;2,20;;Aus;Aus;0
1,0598;-1,1192;66,7247;0,01;0,39;2,35;0,24;2,94;;Aus;Aus;0
1,0516;1,9756;63,3159;0,02;0,47;2,32;0,24;2,94;;Aus;Aus;0
1,0443;1,3639;70,1876;0,06;1,15;3,46;1,18;6,96;;Aus;Aus;0
1,0388;-1,7332;70,6371;0,10;1,58;3,45;1,17;6,81;;Aus;Aus;0
1,0348;-2,3198;57,7402;0,02;0,47;2,13;0,09;2,37;;Aus;Aus;0
1,0116;1,5332;72,8078;0,00;0,16;2,15;0,11;2,41;;Aus;Aus;0
1,0010;-0,5321;38,0625;0,00;0,12;2,09;0,06;2,24;;Aus;Aus;0
0,9991;3,1599;18,8617;0,01;0,26;2,14;0,09;2,37;;Aus;Aus;0
0,9955;1,4197;74,5842;0,01;0,22;2,19;0,13;2,51;;Aus;Aus;0
0,9597;0,8459;53,5066;0,06;1,09;2,63;0,52;4,15;;Aus;Aus;0
0,9540;2,3283;67,9143;0,06;1,12;3,24;1,01;6,15;;Aus;Aus;0
0,9502;-0,8566;57,9658;0,02;0,61;2,57;0,42;3,66;;Aus;Aus;0
0,9472;1,1514;71,0604;0,27;3,28;4,30;1,91;10,70;;Aus;Aus;0
0,9464;0,3958;75,0742;0,01;0,28;2,23;0,16;2,64;;Aus;Aus;0
0,9425;1,1035;24,4621;0,02;0,51;2,37;0,27;3,09;;Aus;Aus;0
0,9374;-2,2535;61,2856;0,14;1,99;3,94;1,76;9,71;;Aus;Aus;0
0,9224;-0,7498;69,7876;0,04;0,84;2,94;0,72;4,93;;Aus;Aus;0
0,9223;-2,7598;20,0611;0,08;1,33;3,07;0,90;5,78;;Aus;Aus;0
0,9183;3,0988;76,3812;0,00;0,07;2,03;0,02;2,08;;Aus;Aus;0
0,9133;0,0450;53,4319;0,00;0,04;2,01;0,01;2,04;;Aus;Aus;0
0,9122;-1,7568;63,5477;0,09;1,46;3,64;1,38;7,76;;Aus;Aus;0
0,9049;0,2476;53,5381;0,00;0,02;2,01;0,00;2,02;;Aus;Aus;0
0,9044;-2,9855;19,0485;0,01;0,33;2,19;0,13;2,51;;Aus;Aus;0
0,8971;-2,1547;64,3408;0,01;0,42;2,29;0,21;2,83;;Aus;Aus;0
0,8893;-1,2312;76,1535;0,00;0,10;2,10;0,06;2,24;;Aus;Aus;0
0,8813;-1,9358;72,4458;0,18;2,35;4,91;2,70;13,90;;Aus;Aus;0
0,8804;-0,1154;25,4463;0,00;0,11;2,05;0,03;2,12;;Aus;Aus;0
0,8783;-1,6497;64,1035;0,00;0,13;2,11;0,08;2,29;;Aus;Aus;0
0,8759;-1,2226;47,3113;0,00;0,07;2,04;0,02;2,09;;Aus;Aus;0
0,8653;3,1946;22,1014;0,03;0,78;2,11;0,08;2,33;;Aus;Aus;0
0,8571;-2,3692;21,4052;0,78;7,53;6,37;4,75;23,33;;Aus;Aus;0
0,8561;0,2842;64,3291;0,04;0,90;2,85;0,63;4,54;;Aus;Aus;0
0,8559;2,1453;37,8920;0,02;0,61;2,09;0,06;2,26;;Aus;Aus;0
0,8533;-0,0921;50,9097;0,23;3,07;3,64;1,60;10,01;;Aus;Aus;0
0,8465;-3,1230;78,8454;0,02;0,62;2,17;0,12;2,47;;Aus;Aus;0
0,8450;-0,0874;45,3954;0,02;0,45;2,25;0,18;2,70;;Aus;Aus;0
0,8411;1,1876;65,1277;0,03;0,68;2,66;0,50;3,99;;Aus;Aus;0
0,8273;0,4871;65,2731;0,06;1,07;3,13;0,91;5,73;;Aus;Aus;0
0,8266;-2,4435;69,3895;0,03;0,63;2,56;0,41;3,65;;Aus;Aus;0
0,8243;2,6589;21,0001;0,00;0,22;2,11;0,08;2,30;;Aus;Aus;0
0,8224;-3,1346;76,4588;0,00;0,14;2,04;0,02;2,10;;Aus;Aus;0
0,8118;1,7557;76,2945;0,01;0,41;2,34;0,24;2,97;;Aus;Aus;0
0,8045;-0,2757;67,0537;0,29;3,28;5,64;3,59;18,75;;Aus;Aus;0
0,7991;0,1702;34,4718;0,00;0,12;2,06;0,04;2,16;;Aus;Aus;0
0,7960;1,1339;21,8667;0,03;0,69;2,72;0,54;4,20;;Aus;Aus;0
0,7811;2,0803;71,8883;0,01;0,27;2,22;0,16;2,61;;Aus;Aus;0
0,7788;1,4444;75,1729;0,03;0,72;2,64;0,47;3,83;;Aus;Aus;0
0,7752;-0,1180;70,2467;0,04;0,82;2,78;0,60;4,44;;Aus;Aus;0
0,7750;-0,1382;63,0158;0,11;1,65;4,22;1,95;10,41;;Aus;Aus;0
0,7737;-2,1919;69,9416;0,01;0,44;2,39;0,28;3,09;;Aus;Aus;0
0,7700;-0,8853;19,4943;0,10;1,62;3,75;1,46;8,13;;Aus;Aus;0
0,7672;1,4237;30,3748;0,03;0,68;2,49;0,37;3,48;;Aus;Aus;0
0,7548;-1,2480;31,7619;0,01;0,38;2,13;0,09;2,35;;Aus;Aus;0
0,7457;0,9386;31,9941;0,00;0,05;2,03;0,02;2,07;;Aus;Aus;0
0,7356;-1,4147;79,5531;0,03;0,82;3,16;0,83;5,08;;Aus;Aus;0
0,7351;-0,6192;45,9283;0,01;0,32;2,13;0,09;2,37;;Aus;Aus;0
0,7295;-1,1892;20,4527;0,19;2,38;5,46;3,36;17,27;;Aus;Aus;0
0,7214;1,9018;73,1506;0,00;0,20;2,16;0,11;2,44;;Aus;Aus;0
0,7118;2,0237;71,5140;0,00;0,12;2,09;0,06;2,24;;Aus;Aus;0
0,6995;-0,6009;26,6630;0,00;0,05;2,03;0,02;2,07;;Aus;Aus;0
0,6979;-0,8049;64,8782;0,22;2,69;6,02;4,00;20,26;;Aus;Aus;0
0,6974;-0,5110;32,4401;0,01;0,29;2,19;0,13;2,51;;Aus;Aus;0
0,6793;1,0147;34,1568;0,00;0,02;2,00;0,00;2,01;;Aus;Aus;0
0,6753;2,5204;75,5910;0,05;1,00;2,96;0,76;5,11;;Aus;Aus;0
0,6675;-0,7335;75,5144;0,24;3,22;4,41;2,39;12,99;;Aus;Aus;0
0,6659;0,2496;61,2195;0,22;3,20;4,23;2,02;11,71;;Aus;Aus;0
0,6653;-2,2302;68,0875;0,02;0,62;2,62;0,46;3,83;;Aus;Aus;0
0,6632;-1,6095;79,7410;0,00;0,00;2,04;0,02;2,08;;Aus;Aus;0
0,6626;2,0431;64,3943;0,12;1,81;3,36;1,10;6,43;;Aus;Aus;0
0,6469;1,0907;50,5585;0,00;0,04;2,02;0,01;2,05;;Aus;Aus;0
0,6448;0,5164;24,0220;0,29;3,24;6,36;4,49;23,16;;Aus;Aus;0
0,6422;-2,2298;59,5440;0,03;0,77;2,55;0,40;3,61;;Aus;Aus;0
0,6379;-0,2073;25,3127;0,00;0,20;2,12;0,09;2,34;;Aus;Aus;0
0,6323;-1,0823;77,8281;0,08;1,33;3,57;1,30;7,49;;Aus;Aus;0
0,6289;-1,1504;48,3737;0,00;0,01;2,01;0,00;2,01;;Aus;Aus;0
0,6224;3,2556;69,2053;0,02;0,66;2,06;0,05;2,21;;Aus;Aus;0
0,6156;-1,2585;30,6612;0,01;0,28;2,15;0,11;2,43;;Aus;Aus;0
0,5885;-1,7761;76,1589;0,08;1,34;3,50;1,23;7,17;;Aus;Aus;0
0,5799;-0,3966;69,3358;0,02;0,51;2,49;0,35;3,37;;Aus;Aus;0
0,5767;-0,5583;73,3330;0,76;8,49;5,25;3,26;18,12;;Aus;Aus;0
0,5754;-2,6092;75,6658;0,11;1,86;3,06;0,95;6,34;;Aus;Aus;0
0,5745;-1,3183;69,6966;0,05;0,97;3,14;0,90;5,63;;Aus;Aus;0
0,5727;0,1675;22,3854;0,01;0,42;2,42;0,30;3,15;;Aus;Aus;0
0,5686;0,9732;20,0036;0,05;0,95;3,09;0,85;5,43;;Aus;Aus;0
0,5663;1,6998;72,1812;0,00;0,03;2,03;0,02;2,07;;Aus;Aus;0
0,5624;-0,6313;35,2234;0,05;1,04;2,75;0,61;4,49;;Aus;Aus;0
0,5609;-0,0443;49,0418;0,10;1,58;3,89;1,65;9,07;;Aus;Aus;0
0,5544;1,8683;66,4529;0,01;0,24;2,23;0,16;2,62;;Aus;Aus;0
0,5479;1,3664;76,0298;0,05;1,04;2,79;0,63;4,61;;Aus;Aus;0
0,5471;-1,0555;37,9578;0,09;1,41;3,40;1,20;7,08;;Aus;Aus;0
0,5469;-1,4648;76,8767;0,02;0,56;2,49;0,36;3,46;;Aus;Aus;0
0,5467;-2,4317;78,5790;0,00;0,06;2,05;0,03;2,12;;Aus;Aus;0
0,5445;3,2281;67,4062;0,04;1,10;2,19;0,14;2,58;;Aus;Aus;0
0,5385;-1,1554;32,7255;0,00;0,04;2,02;0,01;2,05;;Aus;Aus;0
0,5328;-1,6232;19,0715;0,05;1,01;3,84;1,58;8,72;;Aus;Aus;0
0,5243;1,6922;23,9070;0,00;0,08;2,06;0,04;2,16;;Aus;Aus;0
0,5016;-0,9146;63,9347;0,23;3,46;3,83;1,63;9,92;;Aus;Aus;0
0,4976;0,3046;64,9477;0,00;0,13;2,12;0,08;2,30;;Aus;Aus;0
0,4916;0,9665;31,5501;0,00;0,00;2,00;0,00;2,01;;Aus;Aus;0
0,4904;-3,1635;67,1527;0,19;2,76;2,40;0,30;3,31;;Aus;Aus;0
0,4840;1,8065;70,5878;0,29;3,48;4,32;2,10;12,49;;Aus;Aus;0
0,4807;1,2696;78,0856;0,06;1,19;2,78;0,55;4,10;;Aus;Aus;0
0,4624;-0,0272;59,3873;0,12;1,98;3,32;1,19;7,39;;Aus;Aus;0
0,4587;-1,3359;59,1168;0,03;0,64;2,71;0,52;4,08;;Aus;Aus;0
0,4535;1,5200;57,1804;0,01;0,38;2,31;0,22;2,85;;Aus;Aus;0
0,4129;0,7286;75,7284;0,00;0,18;2,17;0,12;2,45;;Aus;Aus;0
0,4101;-0,5042;74,2272;0,09;1,51;3,62;1,37;7,85;;Aus;Aus;0
0,4050;1,0491;64,7467;0,00;0,14;2,12;0,08;2,31;;Aus;Aus;0
0,4044;-2,4500;30,3484;0,00;0,00;2,42;0,00;2,42;;Aus;Aus;0
0,4022;-1,9952;78,2058;0,07;1,27;3,37;1,16;6,87;;Aus;Aus;0
0,3937;2,3861;78,0557;0,01;0,27;2,23;0,16;2,61;;Aus;Aus;0
0,3929;0,2280;58,0968;0,68;8,23;4,89;2,95;16,93;;Aus;Aus;0
0,3837;0,2023;19,7067;0,01;0,34;2,32;0,22;2,87;;Aus;Aus;0
0,3737;-0,9067;60,6974;0,04;0,81;2,73;0,56;4,27;;Aus;Aus;0
0,3595;-0,3280;65,7351;0,01;0,36;2,35;0,25;2,97;;Aus;Aus;0
0,3522;0,2572;33,5403;0,00;0,21;2,16;0,11;2,41;;Aus;Aus;0
0,3501;0,4656;75,1084;0,16;2,21;4,59;2,34;12,29;;Aus;Aus;0
0,3443;1,5883;38,2358;0,03;0,70;2,57;0,43;3,74;;Aus;Aus;0
0,3353;0,1963;46,4276;0,48;5,35;4,26;2,66;15,89;;Aus;Aus;0
0,3287;0,4823;36,1868;0,06;1,35;2,28;0,20;2,89;;Aus;Aus;0
0,3239;-0,6135;33,5929;0,04;0,80;2,67;0,52;4,07;;Aus;Aus;0
0,3228;0,5346;60,3787;0,02;0,48;2,47;0,34;3,33;;Aus;Aus;0
0,3146;0,3543;77,7924;0,17;2,88;3,48;1,53;9,29;;Aus;Aus;0
0,3055;3,2679;68,3717;0,00;0,16;2,05;0,03;2,12;;Aus;Aus;0
0,2992;0,2961;71,0933;0,09;1,74;2,97;0,82;5,59;;Aus;Aus;0
0,2982;1,2590;61,7548;0,02;0,56;2,56;0,41;3,64;;Aus;Aus;0
0,2955;-3,1492;77,8207;0,04;0,97;2,15;0,10;2,42;;Aus;Aus;0
0,2898;-0,7789;29,8008;0,04;0,80;2,71;0,54;4,17;;Aus;Aus;0
0,2808;1,9496;23,6240;0,00;0,10;2,08;0,06;2,22;;Aus;Aus;0
0,2777;0,9798;59,8922;0,08;1,37;3,19;0,91;5,69;;Aus;Aus;0
0,2769;0,0832;45,1752;0,06;1,18;2,98;0,80;5,29;;Aus;Aus;0
0,2725;0,5403;32,1793;0,01;0,28;2,22;0,15;2,59;;Aus;Aus;0
0,2654;0,6145;66,4640;0,00;0,20;2,11;0,08;2,32;;Aus;Aus;0
0,2310;0,3799;54,7583;0,00;0,19;2,10;0,07;2,27;;Aus;Aus;0
0,2147;0,6863;18,8997;0,00;0,04;2,06;0,04;2,15;;Aus;Aus;0
0,2137;0,0303;78,6963;0,56;6,48;4,96;3,42;18,95;;Aus;Aus;0
0,2121;1,1358;63,7698;0,08;1,97;2,39;0,32;3,49;;Aus;Aus;0
0,2100;-2,0184;79,2143;0,11;1,72;4,15;1,86;10,01;;Aus;Aus;0
0,2099;-0,2425;72,4497;0,21;3,61;3,44;1,33;8,81;;Aus;Aus;0
0,2099;-3,2757;76,9180;0,05;1,05;2,24;0,17;2,69;;Aus;Aus;0
0,2055;0,5311;22,1430;0,05;0,92;3,08;0,84;5,44;;Aus;Aus;0
0,2045;1,1476;29,4410;0,15;2,08;4,36;2,21;11,95;;Aus;Aus;0
0,2032;3,3272;66,9754;0,00;0,15;2,05;0,04;2,14;;Aus;Aus;0
0,1835;1,8553;60,2740;0,14;1,94;4,77;2,52;13,12;;Aus;Aus;0
0,1681;0,7323;46,4150;0,05;1,23;2,29;0,27;3,15;;Aus;Aus;0
0,1565;-1,5629;64,0274;0,10;1,58;3,83;1,59;8,83;;Aus;Aus;0
0,1449;0,3993;63,3725;0,01;0,40;2,38;0,27;3,04;;Aus;Aus;0
0,1439;-0,2185;71,0121;42,45;435,56;2,73;1,11;21,19;;Aus;Aus;0
0,1420;-1,2071;72,9244;0,10;1,54;3,90;1,61;8,83;;Aus;Aus;0
0,1400;-0,8164;76,4873;0,22;3,02;4,14;1,95;10,89;;Aus;Aus;0
0,1338;-2,7431;20,1135;0,08;1,39;3,47;1,25;7,28;;Aus;Aus;0
0,1183;1,3862;19,0770;0,05;1,11;2,40;0,26;3,13;;Aus;Aus;0
0,1106;-0,4879;60,0333;0,01;0,26;2,24;0,17;2,64;;Aus;Aus;0
0,1048;1,0355;37,3750;0,03;0,65;2,30;0,22;2,88;;Aus;Aus;0
0,0986;-0,4136;48,3745;0,02;0,47;2,46;0,33;3,31;;Aus;Aus;0
0,0931;2,1095;20,4113;0,07;1,22;3,46;1,19;6,97;;Aus;Aus;0
0,0904;2,0230;62,5182;0,22;2,83;4,13;1,96;10,88;;Aus;Aus;0
0,0687;-0,4880;49,4938;0,03;0,67;2,68;0,51;4,06;;Aus;Aus;0
0,0639;-0,7014;33,0266;0,02;0,49;2,42;0,30;3,20;;Aus;Aus;0
0,0601;0,1804;76,2791;0,00;0,12;2,08;0,06;2,21;;Aus;Aus;0
0,0555;3,3280;19,3447;0,00;0,21;2,07;0,05;2,19;;Aus;Aus;0
0,0529;1,9033;22,7350;0,01;0,23;2,22;0,15;2,58;;Aus;Aus;0
0,0513;-2,2448;66,1699;0,04;0,88;2,74;0,56;4,26;;Aus;Aus;0
0,0419;0,3990;67,4922;0,15;2,07;4,83;2,61;13,59;;Aus;Aus;0
0,0419;-1,4755;65,3667;0,08;1,30;3,51;1,24;7,23;;Aus;Aus;0
0,0359;-0,7933;58,8841;0,01;0,27;2,26;0,18;2,70;;Aus;Aus;0
0,0353;-3,1223;19,2040;0,08;1,60;2,54;0,45;3,91;;Aus;Aus;0
0,0312;0,4557;29,0160;0,01;0,41;2,37;0,26;3,02;;Aus;Aus;0
0,0234;-0,9082;74,6906;0,07;1,22;3,41;1,15;6,80;;Aus;Aus;0
0,0102;1,1732;73,2925;0,62;6,76;5,34;3,43;18,45;;Aus;Aus;0
-0,0014;1,8611;78,2154;0,05;1,02;3,14;0,89;5,67;;Aus;Aus;0
-0,0033;-0,8878;32,1113;0,02;0,55;2,41;0,30;3,18;;Aus;Aus;0
-0,0047;0,2538;68,0553;0,00;0,21;2,17;0,12;2,46;;Aus;Aus;0
-0,0058;-0,2087;32,1064;0,18;2,32;4,60;2,41;12,60;;Aus;Aus;0
-0,0130;3,2701;23,6192;0,00;0,03;2,01;0,01;2,02;;Aus;Aus;0
-0,0137;-1,3237;20,4249;0,07;1,19;3,30;1,04;6,32;;Aus;Aus;0
-0,0210;-0,1474;74,8236;0,00;0,04;2,03;0,02;2,09;;Aus;Aus;0
-0,0340;1,0843;30,7444;0,10;1,60;3,37;1,22;7,19;;Aus;Aus;0
-0,0475;0,4629;32,5768;0,14;1,93;3,97;1,70;9,23;;Aus;Aus;0
-0,0553;0,9716;33,4562;0,27;3,08;4,38;2,35;13,15;;Aus;Aus;0
-0,0590;2,1344;67,2776;0,00;0,15;2,13;0,09;2,33;;Aus;Aus;0
-0,0639;-0,3839;72,8484;0,02;0,48;2,44;0,32;3,23;;Aus;Aus;0
-0,0640;-3,1307;78,3696;0,26;4,67;2,21;0,16;2,81;;Aus;Aus;0
-0,0672;2,7707;58,3253;0,02;0,48;2,10;0,07;2,27;;Aus;Aus;0
-0,0881;-2,3054;76,5321;0,16;2,19;3,94;1,65;9,07;;Aus;Aus;0
-0,0948;-3,2555;19,7121;0,01;0,44;2,09;0,06;2,23;;Aus;Aus;0
-0,1027;-1,3342;77,7057;0,01;0,27;2,24;0,17;2,65;;Aus;Aus;0
-0,1077;-1,2738;67,0245;0,00;0,01;2,01;0,01;2,03;;Aus;Aus;0
-0,1125;2,5342;72,7397;0,02;0,51;2,24;0,17;2,66;;Aus;Aus;0
-0,1142;-0,3113;25,3120;0,02;0,58;2,49;0,36;3,44;;Aus;Aus;0
-0,1146;2,0085;66,5560;0,36;5,90;3,42;1,34;9,25;;Aus;Aus;0
-0,1146;2,1624;74,4672;0,00;0,10;2,07;0,05;2,19;;Aus;Aus;0
-0,1259;-0,6169;26,3678;0,03;0,64;2,38;0,29;3,17;;Aus;Aus;0
-0,1280;-1,5504;66,6555;0,22;3,08;4,30;2,33;12,73;;Aus;Aus;0
-0,1371;3,2817;76,7537;0,04;1,19;2,17;0,13;2,51;;Aus;Aus;0
-0,1383;-1,4928;47,8913;0,07;1,18;3,18;0,97;6,02;;Aus;Aus;0
-0,1456;-2,7503;61,4821;39,16;385,27;2,59;0,59;13,15;;Aus;Aus;0
-0,1488;0,4573;70,2713;0,03;0,66;2,65;0,48;3,94;;Aus;Aus;0
-0,1516;-0,8197;51,3768;0,07;1,31;2,87;0,72;5,06;;Aus;Aus;0
-0,1535;-0,5642;66,3910;0,00;0,01;2,01;0,01;2,03;;Aus;Aus;0
-0,1633;-2,4212;23,5568;0,02;0,60;2,54;0,40;3,57;;Aus;Aus;0
-0,1644;-2,5017;61,1822;0,04;0,87;2,82;0,64;4,60;;Aus;Aus;0
-0,1663;2,4490;71,5003;0,01;0,41;2,41;0,29;3,14;;Aus;Aus;0
-0,1679;0,6598;64,6958;0,08;1,30;3,58;1,30;7,44;;Aus;Aus;0
-0,1701;0,7052;53,0656;0,00;0,17;2,10;0,07;2,25;;Aus;Aus;0
-0,1716;-1,0495;69,8949;0,01;0,38;2,31;0,22;2,85;;Aus;Aus;0
-0,1726;-0,4986;64,7142;0,03;0,84;2,42;0,32;3,42;;Aus;Aus;0
-0,1728;0,2410;63,9118;0,06;1,21;2,87;0,69;5,00;;Aus;Aus;0
-0,1772;3,3135;20,4233;0,04;1,00;2,25;0,18;2,70;;Aus;Aus;0
-0,1949;-0,0858;44,5303;0,00;0,10;2,06;0,04;2,16;;Aus;Aus;0
-0,1990;1,2571;72,1343;0,00;0,20;2,19;0,13;2,50;;Aus;Aus;0
-0,1993;1,2921;24,5565;0,05;0,96;2,93;0,73;5,02;;Aus;Aus;0
-0,2023;-1,9750;61,5589;0,00;0,08;2,07;0,05;2,18;;Aus;Aus;0
-0,2038;-0,1521;62,9041;0,03;0,70;2,64;0,47;3,90;;Aus;Aus;0
-0,2058;2,0787;64,6427;0,00;0,15;2,09;0,06;2,23;;Aus;Aus;0
-0,2091;-2,0906;62,8466;0,00;0,05;2,04;0,02;2,09;;Aus;Aus;0
-0,2133;0,3590;34,8017;0,31;3,88;4,56;2,97;16,66;;Aus;Aus;0
-0,2259;-1,4865;62,6206;0,35;4,89;4,14;2,10;12,63;;Aus;Aus;0
-0,2415;-1,6004;76,5704;0,01;0,27;2,27;0,19;2,72;;Aus;Aus;0
-0,2430;1,3619;38,3480;0,00;0,03;2,03;0,02;2,07;;Aus;Aus;0
-0,2446;-0,4480;50,0694;0,00;0,16;2,12;0,08;2,32;;Aus;Aus;0
-0,2642;-0,4133;67,0445;0,05;1,01;3,12;0,89;5,65;;Aus;Aus;0
-0,2801;0,8076;65,2376;0,57;8,02;4,46;2,82;16,47;;Aus;Aus;0
-0,2812;-1,9612;24,1040;0,17;2,55;3,48;1,39;8,36;;Aus;Aus;0
-0,2831;0,7303;61,7218;0,04;0,83;2,88;0,67;4,69;;Aus;Aus;0
-0,2850;0,8677;60,6431;0,01;0,24;2,21;0,14;2,55;;Aus;Aus;0
-0,2956;-1,4898;73,3851;0,33;3,75;4,93;2,54;13,88;;Aus;Aus;0
-0,3143;0,7316;25,0484;0,01;0,33;2,13;0,09;2,35;;Aus;Aus;0
-0,3160;3,2040;22,6061;0,75;13,12;2,29;0,25;3,47;;Aus;Aus;0
-0,3163;-0,2557;34,4992;0,01;0,21;2,14;0,10;2,38;;Aus;Aus;0
-0,3206;1,4431;58,8964;0,07;1,24;3,42;1,15;6,77;;Aus;Aus;0
-0,3207;-2,2073;63,5355;0,19;2,47;3,70;1,44;8,18;;Aus;Aus;0
-0,3264;-1,0214;63,4326;0,03;0,77;2,82;0,63;4,53;;Aus;Aus;0
-0,3304;-2,3053;21,8108;0,00;0,09;2,08;0,06;2,22;;Aus;Aus;0
-0,3307;2,7699;63,4385;0,01;0,26;2,11;0,08;2,29;;Aus;Aus;0
-0,3338;-2,2878;71,1044;0,04;0,90;2,87;0,68;4,82;;Aus;Aus;0
-0,3357;-0,1879;47,8856;0,02;0,57;2,59;0,43;3,71;;Aus;Aus;0
-0,3422;-1,6192;58,5355;0,06;1,08;3,18;0,94;5,86;;Aus;Aus;0
-0,3460;-1,1594;33,4499;0,02;0,50;2,27;0,20;2,80;;Aus;Aus;0
-0,3479;-3,1473;20,9970;0,05;1,38;2,17;0,13;2,57;;Aus;Aus;0
-0,3519;0,6375;22,6643;0,04;0,95;2,78;0,64;4,59;;Aus;Aus;0
-0,3714;0,0510;36,8647;0,00;0,12;2,05;0,04;2,13;;Aus;Aus;0
-0,3731;3,3314;21,8355;0,00;0,19;2,05;0,03;2,12;;Aus;Aus;0
-0,3757;-0,9296;67,1442;0,04;0,85;2,78;0,60;4,42;;Aus;Aus;0
-0,3777;0,8965;71,4070;0,01;0,43;2,37;0,27;3,05;;Aus;Aus;0
-0,3885;-0,5464;27,2908;0,04;0,89;2,54;0,43;3,76;;Aus;Aus;0
-0,3946;-1,2770;22,7323;0,19;3,09;3,69;1,44;8,26;;Aus;Aus;0
-0,3992;3,1822;77,6675;0,00;0,11;2,03;0,02;2,07;;Aus;Aus;0
-0,4027;-2,6431;21,4723;0,04;0,83;2,63;0,49;4,03;;Aus;Aus;0
-0,4090;0,2606;47,3575;0,06;1,17;3,20;0,98;6,11;;Aus;Aus;0
-0,4196;1,5291;25,5999;0,00;0,01;2,00;0,00;2,00;;Aus;Aus;0
-0,4221;-0,3887;36,0819;0,06;1,13;2,64;0,51;4,08;;Aus;Aus;0
-0,4316;2,0139;21,9150;0,00;0,05;2,05;0,03;2,12;;Aus;Aus;0
-0,4328;0,9368;20,8981;0,44;5,72;4,60;2,83;18,16;;Aus;Aus;0
-0,4335;0,3637;26,2749;0,16;2,32;3,51;1,36;8,49;;Aus;Aus;0
-0,4355;-0,3913;45,2960;0,00;0,13;2,05;0,03;2,13;;Aus;Aus;0
-0,4393;-0,2108;76,5622;0,01;0,30;2,30;0,21;2,80;;Aus;Aus;0
-0,4515;1,5620;64,0044;0,02;0,46;2,41;0,29;3,16;;Aus;Aus;0
-0,4522;0,2421;52,1331;0,04;0,98;2,69;0,55;4,22;;Aus;Aus;0
-0,4741;-1,2430;59,0434;0,13;1,90;4,32;2,13;11,38;;Aus;Aus;0
-0,4745;-0,8561;44,6813;0,09;1,57;2,62;0,46;4,06;;Aus;Aus;0
-0,4771;-0,8469;60,9030;0,02;0,55;2,58;0,42;3,63;;Aus;Aus;0
-0,4791;1,8714;64,7361;0,00;0,02;2,01;0,01;2,03;;Aus;Aus;0
-0,4855;2,2148;61,0829;0,01;0,37;2,34;0,24;2,96;;Aus;Aus;0
-0,4883;-0,5845;33,9245;0,23;2,89;3,63;1,40;8,26;;Aus;Aus;0
-0,4981;0,5403;49,5846;0,13;2,29;3,07;0,92;6,35;;Aus;Aus;0
-0,5026;2,1277;75,9115;0,01;0,24;2,21;0,14;2,55;;Aus;Aus;0
-0,5103;1,3996;62,0553;0,05;1,03;3,18;0,93;5,86;;Aus;Aus;0
-0,5112;-1,7594;20,1787;0,05;1,10;2,66;0,54;4,27;;Aus;Aus;0
-0,5192;-1,0171;57,8511;0,00;0,13;2,07;0,05;2,17;;Aus;Aus;0
-0,5411;-3,1629;21,7819;0,00;0,04;2,01;0,01;2,03;;Aus;Aus;0
-0,5416;-1,7934;23,5724;0,06;1,09;3,15;0,91;5,81;;Aus;Aus;0
-0,5419;3,0721;77,9378;0,00;0,01;2,00;0,00;2,01;;Aus;Aus;0
-0,5508;-3,1361;20,2735;0,00;0,20;2,07;0,05;2,18;;Aus;Aus;0
-0,5557;-2,2336;66,0803;0,00;0,13;2,09;0,06;2,23;;Aus;Aus;0
-0,5748;1,9170;77,9147;0,01;0,39;2,38;0,27;3,08;;Aus;Aus;0
-0,5799;2,3556;72,7372;0,03;0,62;2,51;0,38;3,55;;Aus;Aus;0
-0,5911;-2,5941;67,0680;0,07;1,25;3,21;0,97;6,02;;Aus;Aus;0
-0,5920;-0,9483;30,6833;0,06;1,07;3,06;0,84;5,50;;Aus;Aus;0
-0,6029;0,0203;38,3486;0,12;1,76;4,18;1,94;10,38;;Aus;Aus;0
-0,6114;0,2157;59,7724;0,01;0,43;2,44;0,31;3,24;;Aus;Aus;0
-0,6122;0,0372;68,8516;1,69;15,55;6,95;5,62;34,02;;Aus;Aus;0
-0,6482;-0,8959;75,2301;0,00;0,15;2,13;0,08;2,32;;Aus;Aus;0
-0,6548;0,2794;29,7843;0,08;1,34;3,02;0,81;5,32;;Aus;Aus;0
-0,6630;1,1367;48,7745;0,06;1,15;2,84;0,66;4,68;;Aus;Aus;0
-0,6704;-1,7844;74,7247;0,14;2,01;3,64;1,36;7,64;;Aus;Aus;0
-0,6714;0,6337;53,6190;0,01;0,35;2,07;0,05;2,23;;Aus;Aus;0
-0,6731;-0,9958;65,2237;0,09;1,47;3,74;1,45;8,10;;Aus;Aus;0
-0,6751;0,4895;76,9368;0,03;0,73;2,81;0,61;4,43;;Aus;Aus;0
-0,6860;-0,2280;35,2993;0,01;0,31;2,19;0,13;2,51;;Aus;Aus;0
-0,6884;-0,2093;71,0513;0,00;0,04;2,03;0,02;2,07;;Aus;Aus;0
-0,7005;-2,4350;19,2649;0,03;0,75;2,71;0,54;4,20;;Aus;Aus;0
-0,7013;1,1552;20,1279;0,01;0,26;2,25;0,18;2,68;;Aus;Aus;0
-0,7129;-2,3816;20,0314;0,02;0,59;2,53;0,39;3,56;;Aus;Aus;0
-0,7165;3,2627;19,5806;0,00;0,02;2,00;0,00;2,01;;Aus;Aus;0
-0,7232;-2,3688;48,9849;0,00;0,00;2,00;0,00;2,00;;Aus;Aus;0
-0,7316;-0,3995;22,8102;0,02;0,52;2,53;0,39;3,52;;Aus;Aus;0
-0,7348;0,1813;60,7802;0,19;2,96;3,35;1,24;8,44;;Aus;Aus;0
-0,7408;0,4943;48,6260;0,00;0,21;2,18;0,12;2,48;;Aus;Aus;0
-0,7541;0,3137;79,1207;0,06;1,23;2,93;0,71;5,00;;Aus;Aus;0
-0,7542;-0,7927;49,9604;0,02;0,53;2,39;0,28;3,14;;Aus;Aus;0
-0,7703;-1,4408;76,1963;0,02;0,47;2,48;0,34;3,33;;Aus;Aus;0
-0,7762;-0,7158;79,5685;0,09;1,63;3,52;1,32;7,45;;Aus;Aus;0
-0,7799;2,3255;20,0544;0,02;0,60;2,58;0,43;3,68;;Aus;Aus;0
-0,7890;1,3110;59,4930;0,01;0,35;2,35;0,24;2,95;;Aus;Aus;0
-0,7933;-0,9439;75,6662;0,00;0,09;2,08;0,05;2,20;;Aus;Aus;0
-0,7950;3,2544;18,8839;0,00;0,19;2,07;0,05;2,19;;Aus;Aus;0
-0,7959;2,4061;63,8739;0,08;1,33;3,24;1,03;6,35;;Aus;Aus;0
-0,7976;2,5207;20,8031;0,07;1,24;3,14;0,95;5,93;;Aus;Aus;0
-0,8015;1,0206;32,9347;0,01;0,35;2,17;0,12;2,46;;Aus;Aus;0
-0,8046;-0,9910;25,3127;0,01;0,44;2,23;0,17;2,66;;Aus;Aus;0
-0,8058;-0,5799;67,9780;0,26;3,84;3,73;1,45;8,70;;Aus;Aus;0
-0,8071;-0,3575;20,0459;0,82;8,56;5,53;3,74;23,41;;Aus;Aus;0
-0,8106;-0,1563;58,5570;0,30;3,57;4,91;2,62;14,48;;Aus;Aus;0
-0,8167;-0,6177;23,5574;0,11;1,69;3,85;1,55;8,48;;Aus;Aus;0
-0,8179;0,5173;21,7946;0,37;5,26;3,55;1,52;10,39;;Aus;Aus;0
-0,8322;-0,9352;21,3887;1,01;10,75;5,69;3,91;21,59;;Aus;Aus;0
-0,8339;-3,1251;79,0921;0,00;0,04;2,01;0,01;2,02;;Aus;Aus;0
-0,8436;-0,1943;49,6239;0,09;1,52;3,49;1,29;7,49;;Aus;Aus;0
-0,8622;1,1040;52,2404;0,06;1,17;2,71;0,59;4,44;;Aus;Aus;0
-0,8681;-0,0782;37,4057;0,00;0,01;2,00;0,00;2,01;;Aus;Aus;0
-0,8720;1,3266;74,5569;0,09;1,46;3,76;1,50;8,38;;Aus;Aus;0
-0,8794;0,3824;75,0999;0,14;2,37;3,51;1,48;8,40;;Aus;Aus;0
-0,8862;1,4661;58,4848;0,01;0,30;2,26;0,18;2,68;;Aus;Aus;0
-0,8891;3,1280;68,5458;0,00;0,01;2,00;0,00;2,00;;Aus;Aus;0
-0,8912;-2,5960;21,3381;0,01;0,41;2,30;0,21;2,83;;Aus;Aus;0
-0,8928;-3,0069;67,6980;0,01;0,41;2,08;0,06;2,24;;Aus;Aus;0
-0,8940;-3,0763;67,2672;0,00;0,07;2,02;0,01;2,04;;Aus;Aus;0
-0,8983;-0,0105;45,1103;0,02;0,50;2,29;0,21;2,84;;Aus;Aus;0
-0,8991;0,4140;37,6157;0,03;0,64;2,53;0,40;3,61;;Aus;Aus;0
-0,9174;0,7706;71,8229;0,01;0,30;2,25;0,17;2,67;;Aus;Aus;0
-0,9175;3,2705;20,6302;0,00;0,02;2,00;0,00;2,01;;Aus;Aus;0
-0,9283;-0,5441;76,9413;0,47;6,58;4,30;2,46;16,55;;Aus;Aus;0
-0,9371;-2,2806;69,9678;0,00;0,15;2,11;0,07;2,28;;Aus;Aus;0
-0,9395;0,1761;70,7509;0,05;1,04;3,12;0,89;5,63;;Aus;Aus;0
-0,9537;-1,6941;64,0046;0,19;2,45;4,46;2,28;12,16;;Aus;Aus;0
-0,9575;-1,8356;63,0453;0,05;1,31;2,34;0,27;3,22;;Aus;Aus;0
-0,9591;0,5599;46,8124;288,97;1739,61;3,94;4,44;63,17;;Aus;Aus;0
-0,9791;-0,0233;63,9304;0,32;5,05;3,51;1,49;9,68;;Aus;Aus;0
-0,9826;-1,6526;19,3028;0,01;0,23;2,21;0,14;2,54;;Aus;Aus;0
-0,9853;1,9867;23,6545;0,04;0,81;2,62;0,46;3,86;;Aus;Aus;0
-0,9860;0,7026;62,6398;0,01;0,26;2,20;0,14;2,54;;Aus;Aus;0
-0,9917;3,1256;77,2864;0,09;2,04;2,24;0,20;2,87;;Aus;Aus;0
-1,0022;-3,0487;77,9057;0,04;1,09;2,15;0,10;2,41;;Aus;Aus;0
-1,0034;-1,7827;22,3780;0,00;0,14;2,12;0,08;2,30;;Aus;Aus;0
-1,0089;3,1065;21,2643;0,05;1,17;2,14;0,10;2,42;;Aus;Aus;0
-1,0259;-1,2932;75,0231;0,02;0,52;2,48;0,35;3,42;;Aus;Aus;0
-1,0275;-0,0994;35,8449;0,00;0,16;2,07;0,04;2,17;;Aus;Aus;0
-1,0346;-3,0077;76,7463;0,00;0,03;2,01;0,00;2,01;;Aus;Aus;0
-1,0370;-1,9728;20,5829;0,03;0,73;2,76;0,57;4,29;;Aus;Aus;0
-1,0425;-0,7452;62,1645;0,12;2,18;3,28;1,22;7,68;;Aus;Aus;0
-1,0456;0,1237;30,0175;0,00;0,11;2,08;0,05;2,20;;Aus;Aus;0
-1,0524;1,0507;29,7683;0,00;0,03;2,02;0,01;2,04;;Aus;Aus;0
-1,0614;1,0027;67,4907;0,43;4,56;6,18;4,36;21,45;;Aus;Aus;0
-1,0632;-0,8181;32,4592;0,00;0,18;2,10;0,07;2,26;;Aus;Aus;0
-1,0685;-1,8237;60,0311;0,04;0,92;2,59;0,42;3,67;;Aus;Aus;0
-1,0703;1,4966;79,1199;0,10;1,53;3,83;1,57;8,69;;Aus;Aus;0
-1,0742;-2,1657;60,8504;0,23;2,81;5,00;3,00;16,03;;Aus;Aus;0
-1,0762;-0,7216;70,2613;0,00;0,05;2,04;0,02;2,09;;Aus;Aus;0
-1,0839;3,1070;67,7393;0,00;0,18;2,04;0,02;2,10;;Aus;Aus;0
-1,0895;1,1827;18,9459;0,00;0,16;2,21;0,14;2,53;;Aus;Aus;0
-1,0941;-1,4204;24,5190;0,04;0,90;2,75;0,58;4,39;;Aus;Aus;0
-1,0961;-0,1175;74,2374;0,35;4,55;4,21;2,07;11,79;;Aus;Aus;0
-1,0979;-0,1668;49,1660;0,05;1,22;2,48;0,43;3,82;;Aus;Aus;0
-1,1007;-0,2864;75,1775;0,05;1,03;3,15;0,91;5,76;;Aus;Aus;0
-1,1315;3,0327;79,0779;0,13;2,88;2,18;0,13;2,61;;Aus;Aus;0
-1,1318;0,8584;47,3369;0,00;0,08;2,04;0,03;2,10;;Aus;Aus;0
-1,1352;1,2235;67,8485;0,00;0,20;2,19;0,13;2,50;;Aus;Aus;0
-1,1494;-0,7905;66,6485;0,20;2,51;5,54;3,49;17,92;;Aus;Aus;0
-1,1522;0,0376;32,2131;0,01;0,23;2,10;0,07;2,26;;Aus;Aus;0
-1,1525;0,9522;73,7616;0,05;1,03;3,27;1,02;6,21;;Aus;Aus;0
-1,1625;-2,2679;21,3746;0,01;0,25;2,20;0,14;2,54;;Aus;Aus;0
-1,1642;-0,1890;22,7685;0,01;0,35;2,35;0,24;2,95;;Aus;Aus;0
-1,1861;0,3244;19,0410;0,03;0,65;3,03;0,81;5,29;;Aus;Aus;0
-1,1925;2,8700;60,2368;0,07;1,23;2,88;0,74;5,14;;Aus;Aus;0
-1,1987;-1,1063;57,7932;0,03;0,68;2,61;0,45;3,81;;Aus;Aus;0
-1,1997;1,0013;64,8262;0,00;0,17;2,14;0,10;2,38;;Aus;Aus;0
-1,2060;1,9449;68,8764;0,04;0,85;2,72;0,54;4,16;;Aus;Aus;0
-1,2064;2,1095;19,0333;0,05;0,99;3,36;1,03;5,91;;Aus;Aus;0
-1,2120;-0,0112;50,8943;0,02;0,52;2,26;0,18;2,73;;Aus;Aus;0
-1,2126;2,1170;65,1722;0,06;1,10;2,96;0,78;5,23;;Aus;Aus;0
-1,2221;-0,1784;60,2944;0,03;0,77;2,77;0,59;4,42;;Aus;Aus;0
-1,2303;0,7273;60,2692;0,15;2,10;4,81;2,66;13,78;;Aus;Aus;0
-1,2356;-1,3174;19,6739;0,08;1,31;3,49;1,22;7,09;;Aus;Aus;0
-1,2473;-1,1454;68,4188;0,06;1,15;3,35;1,08;6,48;;Aus;Aus;0
-1,2512;-1,5082;78,8713;0,00;0,11;2,10;0,07;2,26;;Aus;Aus;0
-1,2558;1,0181;78,2005;0,01;0,40;2,35;0,25;2,99;;Aus;Aus;0
-1,2594;3,1046;21,7285;0,00;0,19;2,05;0,03;2,12;;Aus;Aus;0
-1,2710;0,0013;51,9278;0,06;1,18;2,92;0,76;5,25;;Aus;Aus;0
-1,2891;-0,0550;63,0840;0,01;0,37;2,36;0,26;3,00;;Aus;Aus;0
-1,3027;2,0984;72,5031;0,02;0,57;2,22;0,17;2,71;;Aus;Aus;0
-1,3068;1,1180;63,4284;0,10;1,59;3,77;1,50;8,33;;Aus;Aus;0
-1,3282;-1,2569;58,6647;0,03;0,70;2,74;0,55;4,19;;Aus;Aus;0
-1,3352;0,6876;72,4452;0,51;5,63;5,26;3,20;17,31;;Aus;Aus;0
-1,3394;1,5627;65,8036;0,03;0,66;2,55;0,40;3,58;;Aus;Aus;0
-1,3401;1,3788;25,0306;0,00;0,09;2,02;0,02;2,06;;Aus;Aus;0
-1,3585;2,8897;69,3686;0,01;0,30;2,10;0,07;2,28;;Aus;Aus;0
-1,3710;-2,9036;60,1073;0,00;0,08;2,01;0,01;2,03;;Aus;Aus;0
-1,3748;0,8515;21,4301;0,02;0,58;2,55;0,40;3,59;;Aus;Aus;0
-1,3752;-2,8935;79,1630;0,00;0,05;2,02;0,01;2,04;;Aus;Aus;0
-1,3855;-2,5051;59,1750;0,05;0,97;2,82;0,65;4,71;;Aus;Aus;0
-1,3997;0,6904;60,9427;0,00;0,08;2,07;0,05;2,18;;Aus;Aus;0
-1,4005;-2,6766;19,6722;0,03;0,93;2,19;0,20;2,86;;Aus;Aus;0
-1,4039;-2,8359;19,0625;0,00;0,14;2,06;0,04;2,14;;Aus;Aus;0
-1,4090;-1,5917;64,9434;0,00;0,17;2,13;0,09;2,35;;Aus;Aus;0
-1,4264;-0,4579;70,5520;0,01;0,34;2,32;0,22;2,86;;Aus;Aus;0
-1,4307;-2,0045;57,7098;0,01;0,22;2,06;0,04;2,16;;Aus;Aus;0
-1,4416;-1,1785;78,4599;0,01;0,25;2,23;0,16;2,61;;Aus;Aus;0
-1,4462;0,2327;48,8106;0,00;0,11;2,06;0,04;2,15;;Aus;Aus;0
-1,4534;-2,8655;70,2985;0,06;1,37;2,20;0,15;2,65;;Aus;Aus;0
-1,4615;1,7163;24,3109;0,01;0,43;2,27;0,20;2,77;;Aus;Aus;0
-1,4695;-1,3428;73,8021;0,04;0,88;2,91;0,71;4,89;;Aus;Aus;0
-1,4900;-1,7533;66,6522;0,24;2,90;5,02;2,85;14,73;;Aus;Aus;0
-1,4983;0,6902;79,1484;0,22;3,53;4,19;2,38;13,06;;Aus;Aus;0
-1,5021;1,2812;59,3501;0,01;0,34;2,33;0,23;2,92;;Aus;Aus;0
-1,5151;-2,7415;20,6528;0,04;0,89;2,16;0,11;2,40;;Aus;Aus;0
-1,5266;-2,7518;68,0487;0,00;0,15;2,05;0,03;2,12;;Aus;Aus;0
-1,5367;-2,8035;78,4647;0,03;0,81;2,21;0,15;2,60;;Aus;Aus;0
-1,5385;-1,6882;76,9817;0,45;5,38;5,23;3,11;16,67;;Aus;Aus;0
-1,5420;0,4228;70,0543;0,01;0,36;2,32;0,23;2,87;;Aus;Aus;0
-1,5473;-1,9317;71,2090;0,00;0,02;2,02;0,01;2,04;;Aus;Aus;0
-1,5512;-0,7688;79,2597;0,03;0,76;2,80;0,60;4,41;;Aus;Aus;0
-1,5580;1,7076;73,1737;0,00;0,01;2,01;0,01;2,02;;Aus;Aus;0
-1,5587;3,0445;72,4803;0,00;0,00;2,03;0,00;2,03;;Aus;Aus;0
-1,5599;-0,6167;71,1306;0,13;2,16;3,04;0,88;6,24;;Aus;Aus;0
-1,5818;-2,4694;60,2377;0,00;0,03;2,01;0,01;2,03;;Aus;Aus;0
-1,5878;-2,8093;76,1202;0,06;1,44;2,20;0,15;2,67;;Aus;Aus;0
-1,5915;3,0001;65,2086;0,00;0,00;2,11;0,00;2,11;;Aus;Aus;0
-1,6008;3,0034;73,2358;0,00;0,00;2,18;0,03;2,20;;Aus;Aus;0
-1,6014;-2,2366;23,7950;0,01;0,28;2,15;0,11;2,41;;Aus;Aus;0
-1,6312;1,6460;67,9274;0,11;1,68;3,83;1,59;8,84;;Aus;Aus;0
-1,6334;-0,9313;29,3850;0,00;0,05;2,03;0,02;2,07;;Aus;Aus;0
-1,6394;0,4977;20,4664;0,76;7,71;6,58;4,81;24,48;;Aus;Aus;0
-1,6404;-2,6855;66,8199;0,00;0,21;2,05;0,03;2,13;;Aus;Aus;0
-1,6441;0,3472;60,4392;0,00;0,11;2,09;0,06;2,22;;Aus;Aus;0
-1,6444;1,2075;71,1367;0,10;1,59;4,00;1,74;9,51;;Aus;Aus;0
-1,6735;1,3898;64,8359;0,03;0,88;2,36;0,26;3,17;;Aus;Aus;0
-1,6919;-1,2725;60,8759;0,05;1,02;3,15;0,90;5,67;;Aus;Aus;0
-1,7021;-1,0322;63,1589;0,00;0,13;2,11;0,07;2,27;;Aus;Aus;0
-1,7188;-2,7392;21,5072;0,03;0,78;2,23;0,17;2,66;;Aus;Aus;0
-1,7306;1,9662;19,8962;0,02;0,59;2,50;0,36;3,42;;Aus;Aus;0
-1,7364;2,7842;21,6603;0,01;0,31;2,06;0,04;2,15;;Aus;Aus;0
-1,7428;2,7899;20,8785;0,02;0,50;2,20;0,14;2,54;;Aus;Aus;0
-1,7474;-1,8859;58,0599;0,02;0,63;2,18;0,13;2,50;;Aus;Aus;0
-1,7543;-0,3632;23,1864;0,11;1,70;4,40;2,13;11,16;;Aus;Aus;0
-1,7642;-0,2520;67,1167;0,07;1,20;3,39;1,14;6,76;;Aus;Aus;0
-1,7858;1,6160;67,0369;0,21;3,27;3,94;1,94;11,46;;Aus;Aus;0
-1,7898;0,9180;75,7537;0,00;0,19;2,18;0,12;2,48;;Aus;Aus;0
-1,7946;-0,7936;21,8308;0,26;3,18;5,88;4,01;20,26;;Aus;Aus;0
-1,7975;-2,6179;77,5836;0,01;0,23;2,06;0,04;2,16;;Aus;Aus;0
-1,8017;-0,1008;24,1290;0,04;0,79;2,77;0,59;4,33;;Aus;Aus;0
-1,8089;-1,6361;62,2558;0,00;0,10;2,07;0,05;2,17;;Aus;Aus;0
-1,8310;-1,0064;67,0688;0,01;0,39;2,33;0,23;2,90;;Aus;Aus;0
-1,8468;0,7962;73,2869;0,03;0,64;2,56;0,43;3,70;;Aus;Aus;0
-1,8821;2,6580;67,3023;0,01;0,32;2,14;0,10;2,38;;Aus;Aus;0
-1,8825;-2,4042;22,3517;0,36;6,33;2,31;0,23;3,11;;Aus;Aus;0
-1,8856;-0,7199;74,3908;0,02;0,57;2,45;0,32;3,26;;Aus;Aus;0
-1,8941;-0,1227;78,1994;0,05;0,99;3,06;0,82;5,35;;Aus;Aus;0
-1,8946;-2,5994;60,8041;0,02;0,49;2,10;0,07;2,26;;Aus;Aus;0
-1,9038;0,9853;23,0112;0,01;0,42;2,38;0,27;3,06;;Aus;Aus;0
-1,9335;2,5092;78,0287;0,00;0,03;2,01;0,01;2,02;;Aus;Aus;0
-1,9340;2,7089;19,9760;0,08;1,35;2,91;0,76;5,24;;Aus;Aus;0
-1,9353;-1,5581;20,1091;0,21;2,53;5,09;2,94;15,14;;Aus;Aus;0
-1,9526;2,7386;18,9842;0,02;0,57;2,23;0,18;2,71;;Aus;Aus;0
-1,9640;-0,2320;22,6551;0,13;1,90;4,00;1,71;9,25;;Aus;Aus;0
-1,9760;-2,5580;19,5652;0,00;0,19;2,08;0,06;2,22;;Aus;Aus;0
-1,9962;-2,4944;76,8570;0,00;0,14;2,04;0,02;2,09;;Aus;Aus;0
-2,0034;-2,4733;68,1453;0,00;0,14;2,04;0,03;2,11;;Aus;Aus;0
-2,0176;2,2929;78,8456;0,00;0,02;2,01;0,00;2,01;;Aus;Aus;0
-2,0266;2,1379;23,0505;0,03;0,63;2,30;0,23;2,91;;Aus;Aus;0
-2,0700;-0,6617;68,7657;0,01;0,31;2,26;0,18;2,69;;Aus;Aus;0
-2,0951;2,5568;22,0346;0,00;0,08;2,02;0,01;2,05;;Aus;Aus;0
-2,1019;1,2826;69,2842;0,14;1,92;4,47;2,22;11,76;;Aus;Aus;0
-2,1060;-1,0776;19,1767;0,18;2,30;5,10;2,70;13,85;;Aus;Aus;0
-2,1103;0,7098;78,3746;0,00;0,06;2,04;0,03;2,10;;Aus;Aus;0
-2,1422;0,5716;77,3737;0,15;2,04;4,77;2,55;13,25;;Aus;Aus;0
-2,1606;-1,5564;68,6244;0,01;0,26;2,21;0,14;2,56;;Aus;Aus;0
-2,1688;1,0069;65,4119;0,01;0,26;2,12;0,08;2,31;;Aus;Aus;0
-2,1781;-0,2561;71,3106;0,00;0,08;2,05;0,03;2,13;;Aus;Aus;0
-2,1965;-2,2471;78,3467;0,14;2,80;2,27;0,21;2,94;;Aus;Aus;0
-2,2095;-1,0575;77,3922;0,05;1,09;2,79;0,59;4,35;;Aus;Aus;0
-2,2137;0,3608;71,8802;0,01;0,40;2,32;0,23;2,87;;Aus;Aus;0
-2,2137;0,0244;62,6060;0,19;2,93;3,66;1,72;9,65;;Aus;Aus;0
-2,2147;-2,2610;20,6212;0,00;0,19;2,07;0,05;2,19;;Aus;Aus;0
-2,2249;0,3269;69,7594;0,39;4,58;4,52;2,29;12,67;;Aus;Aus;0
-2,2279;-1,3169;20,9022;0,01;0,43;2,37;0,27;3,06;;Aus;Aus;0
-2,2286;-2,3118;76,0315;0,01;0,21;2,10;0,07;2,26;;Aus;Aus;0
-2,2323;-2,3035;60,3538;0,00;0,11;2,03;0,02;2,07;;Aus;Aus;0
-2,3320;-2,2573;59,4744;0,01;0,42;2,19;0,13;2,50;;Aus;Aus;0
-2,3387;-0,5307;21,0493;0,04;0,81;2,81;0,61;4,51;;Aus;Aus;0
-2,3584;-0,3493;67,2533;0,00;0,19;2,14;0,10;2,37;;Aus;Aus;0
-2,3734;2,2931;22,5764;0,02;0,62;2,11;0,07;2,28;;Aus;Aus;0
-2,3925;2,1635;69,7244;0,00;0,16;2,05;0,03;2,13;;Aus;Aus;0
-2,4304;-0,8909;76,5670;0,00;0,08;2,06;0,04;2,16;;Aus;Aus;0
-2,4323;2,1007;78,6753;0,00;0,11;2,03;0,02;2,09;;Aus;Aus;0
-2,4435;-0,5444;70,6383;0,03;0,77;2,70;0,53;4,14;;Aus;Aus;0
-2,4834;1,5132;68,3059;0,01;0,35;2,22;0,16;2,63;;Aus;Aus;0
-2,4844;-2,1378;21,3754;0,05;1,19;2,18;0,12;2,48;;Aus;Aus;0
-2,5149;-0,2434;77,4156;0,06;1,13;3,07;0,84;5,45;;Aus;Aus;0
-2,5178;-0,5785;66,2986;0,03;0,72;2,71;0,54;4,18;;Aus;Aus;0
-2,5263;-1,9967;68,9350;0,05;1,18;2,19;0,13;2,57;;Aus;Aus;0
-2,5496;-1,8924;60,0815;0,03;0,80;2,23;0,17;2,66;;Aus;Aus;0
-2,5711;-0,6857;23,0950;0,08;1,32;3,16;0,94;5,87;;Aus;Aus;0
-2,5748;2,1063;20,9231;0,02;0,63;2,31;0,23;2,91;;Aus;Aus;0
-2,6436;2,0577;18,9430;0,00;0,18;2,15;0,10;2,38;;Aus;Aus;0
-2,7198;1,7577;23,5873;0,19;3,55;2,28;0,22;2,95;;Aus;Aus;0
-2,7472;0,7207;58,4338;0,01;0,39;2,20;0,14;2,53;;Aus;Aus;0
-2,7547;-1,7203;68,4278;0,01;0,29;2,09;0,06;2,24;;Aus;Aus;0
-2,7856;1,8377;21,1988;0,00;0,20;2,07;0,05;2,19;;Aus;Aus;0
-2,8255;-1,7072;78,7870;0,00;0,24;2,04;0,03;2,11;;Aus;Aus;0
-2,8283;-1,5790;79,2721;0,00;0,12;2,04;0,03;2,11;;Aus;Aus;0
-2,8496;-1,3838;19,0839;0,01;0,28;2,13;0,10;2,37;;Aus;Aus;0
-2,8795;-1,3898;67,4571;0,00;0,01;2,00;0,00;2,01;;Aus;Aus;0
-2,9018;-1,2463;77,7142;0,01;0,22;2,09;0,06;2,24;;Aus;Aus;0
-2,9284;-1,2529;68,9198;0,04;1,23;2,10;0,08;2,33;;Aus;Aus;0
-2,9980;1,3209;22,6122;0,02;0,65;2,07;0,05;2,21;;Aus;Aus;0
-3,0052;0,9489;76,7888;0,00;0,01;2,00;0,00;2,01;;Aus;Aus;0
-3,0134;-1,2756;60,2103;0,00;0,01;2,00;0,00;2,01;;Aus;Aus;0
-3,0141;1,3371;22,1233;0,00;0,11;2,02;0,02;2,06;;Aus;Aus;0
-3,0319;1,4979;18,9222;0,00;0,02;2,01;0,01;2,02;;Aus;Aus;0
-3,0346;-1,2285;22,2930;0,03;0,72;2,17;0,12;2,49;;Aus;Aus;0
-3,0424;1,0236;79,0628;0,13;2,65;2,30;0,29;3,35;;Aus;Aus;0
-3,0471;-0,9399;67,4050;0,00;0,20;2,06;0,04;2,16;;Aus;Aus;0
-3,0731;0,9919;77,8496;0,01;0,27;2,11;0,07;2,29;;Aus;Aus;0
-3,0924;0,4142;78,2848;0,05;1,32;2,14;0,10;2,41;;Aus;Aus;0
-3,1111;1,2845;21,7353;0,01;0,47;2,07;0,05;2,19;;Aus;Aus;0
-3,1144;-0,6149;78,7466;0,12;2,70;2,21;0,18;2,86;;Aus;Aus;0
-3,1575;-0,6559;21,8599;0,11;2,84;2,14;0,11;2,48;;Aus;Aus;0
-3,1632;0,1950;79,0737;0,00;0,14;2,04;0,02;2,09;;Aus;Aus;0
-3,1653;0,8207;67,9298;0,00;0,22;2,05;0,03;2,12;;Aus;Aus;0
-3,1669;-0,4240;69,7934;0,18;3,63;2,19;0,16;2,72;;Aus;Aus;0
-3,1896;0,6294;59,5872;0,00;0,10;2,04;0,03;2,10;;Aus;Aus;0
-3,2017;-0,3842;77,4849;0,01;0,44;2,11;0,08;2,31;;Aus;Aus;0
-3,2018;-0,0451;23,1138;0,34;6,31;2,24;0,20;3,13;;Aus;Aus;0
-3,2041;-0,6413;60,5164;0,01;0,31;2,11;0,07;2,29;;Aus;Aus;0
-3,2060;0,4510;76,0796;0,04;0,84;2,18;0,13;2,50;;Aus;Aus;0
-3,2198;-0,0073;59,8846;0,02;0,47;2,13;0,09;2,34;;Aus;Aus;0
-3,2387;-0,1565;60,4614;0,00;0,16;2,05;0,03;2,12;;Aus;Aus;0
-3,2512;-0,1373;76,9622;0,03;0,80;2,24;0,18;2,72;;Aus;Aus;0
-3,2563;0,3513;60,3218;0,00;0,13;2,04;0,03;2,10;;Aus;Aus;0
-3,3164;-0,5535;19,7093;0,01;0,42;2,09;0,06;2,26;;Aus;Aus;0
-3,3464;0,2941;21,3893;0,10;2,58;2,19;0,17;2,75;;Aus;Aus;0

